{"cameraMode":{"drawMode":0,"name":"Shaded","section":"Shading Mode"},"sceneLighting":false,"audioPlay":false,"sceneViewState":{"m_AlwaysRefresh":false,"showFog":false,"showSkybox":false,"showFlares":false,"showImageEffects":false,"showParticleSystems":false,"showVisualEffectGraphs":true,"m_FxEnabled":true},"in2DMode":false,"pivot":{"x":0.28124216198921206,"y":1.3376795053482056,"z":-1.1691652536392213},"rotation":{"x":0.008043664507567883,"y":0.9901852011680603,"z":-0.06426312774419785,"w":0.12390696257352829},"size":1.3608214855194092,"orthographic":false}