{"cameraMode":{"drawMode":0,"name":"Shaded","section":"Shading Mode"},"sceneLighting":false,"audioPlay":false,"sceneViewState":{"m_AlwaysRefresh":false,"showFog":true,"showSkybox":false,"showFlares":true,"showImageEffects":true,"showParticleSystems":true,"showVisualEffectGraphs":true,"m_FxEnabled":true},"in2DMode":false,"pivot":{"x":0.7600420713424683,"y":1.1603513956069947,"z":-0.057850658893585208},"rotation":{"x":0.21802353858947755,"y":0.3147701323032379,"z":-0.07453206181526184,"w":0.9207776784896851},"size":1.3671854734420777,"orthographic":false}